{
  "base_r2": 0.7676622867584229,
  "best_r2": 0.7688348695918013,
  "k": 10,
  "power": 4.0,
  "weight": 0.06,
  "standalone_scores": {
    "knn_k3_p1": 0.42775529623031616,
    "knn_k3_p2": 0.4315553307533264,
    "knn_k3_p4": 0.4299604296684265,
    "knn_k5_p1": 0.4761679172515869,
    "knn_k5_p2": 0.48129433393478394,
    "knn_k5_p4": 0.4808177947998047,
    "knn_k10_p1": 0.503351628780365,
    "knn_k10_p2": 0.5109948515892029,
    "knn_k10_p4": 0.5148347616195679,
    "knn_k20_p1": 0.5056043863296509,
    "knn_k20_p2": 0.5166236162185669,
    "knn_k20_p4": 0.5274057984352112,
    "knn_k35_p1": 0.5068328976631165,
    "knn_k35_p2": 0.5183494091033936,
    "knn_k35_p4": 0.5329615473747253,
    "knn_k50_p1": 0.5001510381698608,
    "knn_k50_p2": 0.5131715536117554,
    "knn_k50_p4": 0.5322330594062805
  },
  "mean_top_similarity_valid": 0.5695532560348511,
  "mean_top_similarity_test": 0.5847057104110718
}