{
  "standalone_local_r2": 0.7384758157774849,
  "ensemble_local_r2": 0.7933565498489641,
  "ensemble_weight": 0.155,
  "calibration": [
    0.9985919802840804,
    0.007523347868101258
  ],
  "best_epoch": 3,
  "best_checkpoint": null,
  "target_mean": 4.516659348185463,
  "target_std": 0.6287317839515366
}