{
  "base_r2": 0.7775281058222325,
  "replace_scores": {
    "extra_trees_replace": 0.7698731477111349,
    "catboost_replace": 0.7700735553272946
  },
  "best_r2": 0.7790588036059383,
  "selected_model": "catboost",
  "weight": 0.30000000000000004,
  "min_confidence": 1,
  "valid_rows": 411,
  "test_rows": 687,
  "prediction_mean": 3.118999319839137,
  "prediction_std": 0.6708641424393607
}