{
  "levels_10_a0.0001": 0.6624866153819599,
  "levels_10_a0.0003": 0.6149297155913418,
  "levels_15_a0.0001": 0.6513835844092336,
  "levels_15_a0.0003": 0.5999700006949511,
  "levels_20_a0.0001": 0.6443493944223817,
  "levels_20_a0.0003": 0.5901552219913129
}