{
  "local_ridge_r2": 0.7954692545772504,
  "local_selected_oof_r2": 0.8076349252764302,
  "local_selected_model": "tree_blend",
  "ridge_coefficients": {
    "final_boost": 0.604066004072743,
    "large_1": -0.008652947869980486,
    "large_2": 0.1306038926767157,
    "large_3": 0.0625318882683454,
    "large_4": 0.11413932696609529,
    "autogluon_te": 0.023101787148866265,
    "tfidf_te": 0.0407735494184407,
    "levels_10_a0.0001": 0.10115297062039749,
    "levels_10_a0.0003": -0.07031061799712089,
    "levels_15_a0.0001": 0.09023553838439886,
    "levels_15_a0.0003": -0.06570510657298798,
    "levels_20_a0.0001": 0.04598669636649192,
    "levels_20_a0.0003": -0.0894528851389494
  },
  "pipeline_mode": "computed_from_intermediate_model_outputs",
  "output_sha256": "7788b40cb35abb0603521322fc32f0f92a890b852fd1d8818fb4c39f01537ea7",
  "written_outputs": {
    "submission_candidate_reranker.csv": "submission_candidate_reranker.csv",
    "submission.csv": "submission.csv",
    "submission_final_for_upload.csv": "submission_final_for_upload.csv"
  },
  "roberta_prediction": "linear surrogate for the held-out transformer member",
  "candidate_threshold": 0.18,
  "candidate_weight_scale": 1.1,
  "test_candidates": 21480,
  "test_rows_with_candidates": 4798,
  "selected_candidate_rows": 848,
  "final_boost_raw_test_mean": 3.5446070355847095,
  "final_boost_raw_test_std": 0.6686693698106668,
  "final_boost_surrogate_test_mean": 4.51767182467151,
  "final_boost_surrogate_test_std": 0.5639711415942982,
  "final_boost_raw_surrogate_mean_gap": 0.9730647890868003,
  "final_boost_raw_surrogate_std_ratio": 1.1856446553637403,
  "final_boost_repaired": true,
  "ridge_test_mean": 4.518557607024953,
  "ridge_test_std": 0.5698005820198696,
  "model_final_test_mean": 4.51749987469577,
  "model_final_test_std": 0.5720429348948848,
  "model_final_test_min": 3.135622366216722,
  "model_final_test_max": 6.147108181804039,
  "final_test_mean": 4.51749987469577,
  "final_test_std": 0.5720429348948848,
  "final_test_min": 3.135622366216722,
  "final_test_max": 6.147108181804039,
  "submission": "submission_candidate_reranker.csv",
  "upload_submission": "submission.csv"
}