{
  "levels_10_a0.0001": {
    "bins": 10,
    "alpha": 0.0001,
    "raw_mean": 4.518348983322142,
    "raw_std": 0.366097898571234,
    "output_mean": 4.51597639620469,
    "output_std": 0.5160159875159237
  },
  "levels_10_a0.0003": {
    "bins": 10,
    "alpha": 0.0003,
    "raw_mean": 4.519831005324386,
    "raw_std": 0.2978684799151665,
    "output_mean": 4.51597639620469,
    "output_std": 0.4971498850321046
  },
  "levels_15_a0.0001": {
    "bins": 15,
    "alpha": 0.0001,
    "raw_mean": 4.518145336653672,
    "raw_std": 0.34731779217397823,
    "output_mean": 4.515976396204689,
    "output_std": 0.511673597750545
  },
  "levels_15_a0.0003": {
    "bins": 15,
    "alpha": 0.0003,
    "raw_mean": 4.51950671233157,
    "raw_std": 0.2725812458119029,
    "output_mean": 4.515976396204695,
    "output_std": 0.491065440469505
  },
  "levels_20_a0.0001": {
    "bins": 20,
    "alpha": 0.0001,
    "raw_mean": 4.524063648218545,
    "raw_std": 0.3363244763848705,
    "output_mean": 4.515976396204694,
    "output_std": 0.508903356811436
  },
  "levels_20_a0.0003": {
    "bins": 20,
    "alpha": 0.0003,
    "raw_mean": 4.528918211926904,
    "raw_std": 0.2580426638373885,
    "output_mean": 4.515976396204699,
    "output_std": 0.48703226163204677
  }
}