{
  "autogluon_base": 0.7494395971298218,
  "te_title_norm_s3": 0.1706533432006836,
  "te_title_norm_s10": 0.13282912969589233,
  "te_title_norm_s30": 0.09808367490768433,
  "te_title_family_s3": 0.17188769578933716,
  "te_title_family_s10": 0.13906633853912354,
  "te_title_family_s30": 0.10558867454528809,
  "te_company_norm_s3": 0.24445629119873047,
  "te_company_norm_s10": 0.16988807916641235,
  "te_company_norm_s30": 0.10267305374145508,
  "te_location_norm_s3": 0.27950066328048706,
  "te_location_norm_s10": 0.2654927372932434,
  "te_location_norm_s30": 0.23862653970718384,
  "te_location_first_s3": 0.27950066328048706,
  "te_location_first_s10": 0.2654927372932434,
  "te_location_first_s30": 0.23862653970718384,
  "te_title_norm_location_first_s3": 0.09262233972549438,
  "te_title_norm_location_first_s10": 0.0642276406288147,
  "te_title_norm_location_first_s30": 0.039569079875946045,
  "te_title_family_location_first_s3": 0.10225236415863037,
  "te_title_family_location_first_s10": 0.0727916955947876,
  "te_title_family_location_first_s30": 0.04608321189880371,
  "te_company_norm_location_first_s3": 0.19526809453964233,
  "te_company_norm_location_first_s10": 0.12308382987976074,
  "te_company_norm_location_first_s30": 0.06606632471084595,
  "te_title_family_company_norm_s3": 0.02751702070236206,
  "te_title_family_company_norm_s10": 0.013935089111328125,
  "te_title_family_company_norm_s30": 0.0061244964599609375,
  "tfidf_ridge_a0.25": 0.7221832275390625,
  "tfidf_ridge_a0.5": 0.7294256687164307,
  "tfidf_ridge_a1": 0.7357059717178345,
  "tfidf_ridge_a1.5": 0.7382266521453857,
  "tfidf_ridge_a2": 0.7392423152923584,
  "tfidf_ridge_a3": 0.739212155342102,
  "best_two_way": {
    "score": 0.7610699095908839,
    "feature": "tfidf_ridge_a1",
    "weight": 0.4
  },
  "nnls_stack": {
    "score": 0.7610951693068129,
    "intercept": 0.0,
    "weights": {
      "autogluon_base": 0.5920555083439214,
      "te_location_norm_s3": 0.0,
      "te_location_first_s3": 0.0,
      "tfidf_ridge_a0.25": 0.0,
      "tfidf_ridge_a0.5": 0.0869201198316567,
      "tfidf_ridge_a1": 0.32102437182442195,
      "tfidf_ridge_a1.5": 0.0,
      "tfidf_ridge_a3": 0.0,
      "tfidf_ridge_a2": 0.0
    }
  },
  "selected_submission": {
    "path": "submission_079_tfidf_te_blend.csv",
    "local_r2": 0.7610698938369751,
    "local_r2_calibrated": 0.7620819239446978,
    "calibration_slope": 1.0266711529904988,
    "calibration_intercept": -0.13496739253298423,
    "feature": "tfidf_ridge_a1",
    "weight": 0.4,
    "prediction_mean": 4.5165327829642905,
    "prediction_std": 0.5631671832960575
  }
}