{
  "local_r2": 0.7830109743511705,
  "second_bert_weight": 0.3175,
  "calibration": [
    1.1332657178543146,
    -1.6328753073394395
  ],
  "prediction_mean": 3.4789878799817844,
  "prediction_std": 0.6431446374863292
}